{
  "IcoMoonType": "selection",
  "icons": [
    {
      "icon": {
        "paths": [
          "M1024 103.132l-103.132-103.132-408.868 408.868-408.868-408.868-103.132 103.132 408.868 408.868-408.868 408.868 103.132 103.132 408.868-408.868 408.868 408.868 103.132-103.132-408.868-408.868 408.868-408.868z"
        ],
        "attrs": [
          {}
        ],
        "isMulticolor": false,
        "isMulticolor2": false,
        "grid": 0,
        "tags": [
          "Vector"
        ]
      },
      "attrs": [
        {}
      ],
      "properties": {
        "order": 25,
        "id": 0,
        "name": "Vector",
        "prevSize": 32
      },
      "setIdx": 0,
      "setId": 3,
      "iconIdx": 0
    }
  ],
  "height": 1024,
  "preferences": {
    "showGlyphs": true,
    "showQuickUse": true,
    "showQuickUse2": true,
    "showSVGs": true,
    "fontPref": {
      "prefix": "icon-",
      "metadata": {
        "fontFamily": "icomoon"
      },
      "metrics": {
        "emSize": 1024,
        "baseline": 6.25,
        "whitespace": 50
      },
      "embed": false
    },
    "imagePref": {
      "prefix": "icon-",
      "png": true,
      "useClassSelector": true,
      "color": 0,
      "bgColor": 16777215,
      "classSelector": ".icon",
      "name": "icomoon"
    },
    "historySize": 50,
    "showCodes": true,
    "gridSize": 16
  }
}